Passenger ID,Longest Run
2366,3
5300,3
6397,3
6466,3
6654,3
7880,3
7982,3
8086,3
9852,3
9900,3
11317,3
11458,3
12027,3
12799,3
11710,3
13622,3
14465,3
14514,3
14536,3
3704,3
3761,3
6266,3
6559,3
11800,3
13601,3
13910,3
15207,3
2748,3
4186,3
4937,3
10745,3
10768,3
11146,3
65,3
3834,3
7152,3
9153,3
10527,3
10567,3
11520,3
12607,3
13765,3
13923,3
5527,3
7109,3
9344,3
12694,3
4859,3
5061,3
6557,3
7206,3
7736,3
9475,3
10013,3
10882,3
11287,3
14030,3
6378,3
9731,3
9925,3
11024,3
12723,3
15157,3
15161,3
15348,3
4725,3
7169,3
14058,3
4762,3
4923,3
7092,3
7132,3
12007,3
13516,3
14658,3
15191,3
2606,3
2739,3
8423,3
9492,3
13751,3
642,3
6124,3
6204,3
7587,3
11333,3
11835,3
12494,3
12566,3
12755,3
1745,3
8442,3
8776,3
14501,3
1259,3
1869,3
10587,3
11286,3
11541,3
11672,3
13027,3
13054,3
14554,3
14558,3
1441,3
1496,3
4958,3
7522,3
9450,3
11237,3
11558,3
12077,3
14367,3
1621,3
2583,3
7501,3
13104,3
13166,3
13676,3
14647,3
2682,3
4107,3
4848,3
8008,3
9113,3
11125,3
12117,3
12191,3
15138,3
15332,3
1708,3
2094,3
6288,3
10020,3
12926,3
667,3
4256,3
5040,3
5562,3
7351,3
12601,3
13051,3
14783,3
26,3
27,3
626,3
1235,3
6473,3
8864,3
12087,3
2047,3
3072,3
8053,3
10063,3
11258,3
11777,3
12659,3
12662,3
12951,3
15345,3
1875,3
6988,3
7225,3
7732,3
7901,3
8815,3
9038,3
11076,3
11374,3
11801,3
12882,3
13401,3
13713,3
2809,3
4547,3
8568,3
12067,3
12509,3
12895,3
460,3
2069,3
3456,3
5142,3
6110,3
6128,3
8899,3
9254,3
10800,3
11543,3
12293,3
14317,3
15111,3
12,3
3207,3
8184,3
9297,3
11950,3
12761,3
14523,3
14587,3
2006,3
2680,3
6671,3
7055,3
8287,3
8306,3
8723,3
8828,3
9741,3
9825,3
12722,3
4873,3
6440,3
6717,3
12489,3
13248,3
15357,3
1564,3
6650,3
7032,3
9236,3
12708,3
13488,3
14531,3
15053,3
1457,3
2961,3
3450,3
12713,3
12744,3
13399,3
13589,3
14588,3
14606,3
1804,3
3673,3
10006,3
11117,3
15364,3
1469,3
5320,3
8486,3
10084,3
10671,3
12797,3
13132,3
14051,3
14112,3
1176,3
7058,3
7265,3
7847,3
8264,3
11226,3
13275,3
14013,3
15163,3
15206,3
3884,3
6924,3
7284,3
8872,3
9578,3
14774,3
539,3
725,3
1588,3
2757,3
6744,3
11159,3
12749,3
13575,3
13895,3
14088,3
1785,3
5655,3
8166,3
10269,3
10648,3
13661,3
2823,3
5090,3
7171,3
13257,3
13829,3
14089,3
1899,3
4507,3
5335,3
10885,3
12034,3
13024,3
13698,3
13757,3
14591,3
6139,3
6536,3
6917,3
10208,3
10903,3
11289,3
11882,3
13489,3
13783,3
14717,3
185,3
5129,3
11707,3
14648,3
14706,3
15339,3
15393,3
5285,3
7519,3
7642,3
11330,3
11397,3
11616,3
12391,3
13951,3
14580,3
14596,3
14628,3
5245,3
6618,3
11310,3
3927,3
4111,3
4174,3
12042,3
12125,3
12828,3
12834,3
13168,3
13518,3
15002,3
4842,3
7472,3
10131,3
12044,3
12259,3
14600,3
3125,3
6230,3
6313,3
6387,3
8637,3
11168,3
12186,3
12671,3
13316,3
13743,3
297,3
777,3
6221,3
7468,3
8205,3
12966,3
14144,3
15076,3
1546,3
5097,3
5599,3
11573,3
12054,3
12638,3
13428,3
2989,3
3474,3
4325,3
5000,3
5077,3
5588,3
8449,3
12025,3
12075,3
1137,3
4936,3
5649,3
9158,3
9888,3
14547,3
3786,3
6714,3
7615,3
8144,3
8537,3
11741,3
13469,3
13690,3
13801,3
14542,3
15044,3
6244,3
10835,3
11306,3
13659,3
13674,3
15151,3
15171,3
5234,3
9519,3
12066,3
12644,3
12871,3
13154,3
14408,3
15280,3
3,3
1749,3
2877,3
4806,3
5357,3
6219,3
7564,3
9176,3
11845,3
14735,3
1934,3
2852,3
3893,3
5381,3
5871,3
7824,3
12481,3
13180,3
13300,3
13459,3
3314,3
3667,3
3983,3
4681,3
7208,3
12863,3
13073,3
13768,3
14156,3
1349,3
12762,3
13239,3
2736,3
3419,3
4644,3
5338,3
5485,3
6275,3
6756,3
7046,3
7178,3
11264,3
11470,3
12107,3
12974,3
13047,3
13633,3
14675,3
15311,3
3625,3
5373,3
6172,3
7009,3
8680,3
12081,3
12651,3
13242,3
13652,3
14025,3
14510,3
402,3
5591,3
7981,3
12562,3
12904,3
13650,3
14004,3
14649,3
14799,3
3489,3
8532,3
9272,3
10260,3
10579,3
12012,3
12821,3
13094,3
14524,3
14533,3
3613,3
5541,3
7177,3
8274,3
10851,3
11181,3
11732,3
12104,3
306,3
3996,3
5507,3
6472,3
6738,3
6846,3
7739,3
8416,3
8611,3
9241,3
9614,3
13345,3
13688,3
13722,3
13914,3
14548,3
1781,3
2779,3
6216,3
9008,3
12122,3
12134,3
12909,3
1847,3
2618,3
4557,3
5039,3
6403,3
12037,3
13057,3
13460,3
14541,3
96,3
776,3
6520,3
7102,3
8440,3
8481,3
9047,3
9844,3
12140,3
13065,3
3458,3
3683,3
5036,3
6436,3
8455,3
10197,3
11771,3
12257,3
12751,3
12830,3
13256,3
13443,3
13629,3
4508,3
6676,3
7157,3
11116,3
12290,3
13452,3
13493,3
13884,3
268,3
1711,3
4244,3
7037,3
7223,3
11029,3
12702,3
12767,3
13291,3
14645,3
15038,3
15400,3
1010,3
5625,3
7158,3
12457,3
12613,3
13927,3
14586,3
15327,3
5360,3
8340,3
9655,3
12495,3
13016,3
14800,3
3138,3
3457,3
8124,3
8760,3
11320,3
11560,3
13146,3
15394,3
4961,3
6401,3
7651,3
8648,3
9012,3
11344,3
12108,3
12331,3
12630,3
13703,3
15110,3
15374,3
1227,3
7566,3
7664,3
7715,3
12836,3
13250,3
14499,3
14584,3
1497,3
1751,3
6379,3
12199,3
13577,3
13707,3
14281,3
1478,3
6103,3
9469,3
9814,3
14264,3
14671,3
6185,3
6351,3
7933,3
10108,3
13381,3
13677,3
15196,3
8620,3
12307,3
12946,3
12992,3
13615,3
13767,3
2847,3
3256,3
4276,3
4902,3
6562,3
9948,3
9982,3
10426,3
11343,3
12357,3
14709,3
5870,3
6179,3
7249,3
8002,3
8244,3
9203,3
11875,3
12147,3
12446,3
12706,3
13134,3
15336,3
4145,3
7957,3
11568,3
13681,3
14037,3
14610,3
15183,3
112,3
1793,3
5861,3
6195,3
6279,3
7541,3
10026,3
10606,3
12065,3
12161,3
13200,3
14578,3
15023,3
4885,3
5329,3
6514,3
12525,3
12766,3
1091,3
3262,3
14516,3
15174,3
4238,3
10142,3
10942,3
13996,3
179,3
3723,3
3832,3
7012,3
12028,3
13028,3
13108,3
13486,3
14788,3
2703,3
3717,3
4999,3
5851,3
10291,3
14505,3
5288,3
11177,3
12174,3
12265,3
12665,3
13732,3
14067,3
197,3
531,3
5598,3
6392,3
8713,3
9845,3
10906,3
13091,3
1216,3
3697,3
4545,3
6631,3
9447,3
12234,3
13190,3
13678,3
13728,3
619,3
3501,3
6540,3
9425,3
9807,3
10669,3
12742,3
13048,3
13433,3
13824,3
15350,3
1123,3
3562,3
8632,3
9452,3
9458,3
11821,3
12615,3
3051,3
4589,3
5348,3
8087,3
8104,3
11385,3
11761,3
13153,3
15343,3
538,3
2048,3
13804,3
14255,3
6463,3
12079,3
14295,3
14672,3
175,3
1159,3
2029,3
8447,3
8756,3
9224,3
9299,3
11110,3
11780,3
14605,3
1161,3
5532,3
7688,3
7781,3
10637,3
15317,3
1519,3
1589,3
1815,3
3499,3
5264,3
6354,3
11301,3
12379,3
12696,3
13551,3
14512,3
2304,3
2356,3
3854,3
5032,3
12655,3
13740,3
14520,3
14607,3
15154,3
15178,3
2584,3
6360,3
6429,3
6539,3
7973,3
9417,3
12736,3
2369,3
5317,3
6156,3
6433,3
7130,3
7689,3
10237,3
12621,3
13686,3
14573,3
15308,3
3647,3
3710,3
5856,3
6405,3
6657,3
7388,3
9467,3
10765,3
307,3
326,3
3326,3
4290,3
5600,3
5840,3
6739,3
11428,3
220,3
6564,3
6771,3
7984,3
8079,3
9967,3
10930,3
12663,3
12772,3
12838,3
13507,3
3170,3
5049,3
6280,3
7360,3
7750,3
9173,3
12086,3
13283,3
8,3
6026,3
8309,3
9806,3
10133,3
10381,3
11222,3
12595,3
12606,3
14048,3
14635,3
14794,3
1385,3
6965,3
7574,3
11523,3
14683,3
15131,3
39,3
981,3
8820,3
10137,3
14602,3
14678,3
15079,3
1754,3
3756,3
4252,3
4334,3
5542,3
7947,3
7966,3
13074,3
13135,3
13662,3
14695,3
2034,3
7377,3
7819,3
8154,3
8583,3
12059,3
13083,3
13729,3
14539,3
14737,3
2677,3
7199,3
7985,3
8081,3
10673,3
11836,3
12676,3
13115,3
13286,3
13710,3
1601,3
3496,3
3628,3
12464,3
12568,3
13025,3
14076,3
14682,3
691,3
3427,3
6312,3
6859,3
9023,3
10781,3
13646,3
15120,3
1596,3
6713,3
8170,3
10634,3
1195,3
7146,3
7978,3
8675,3
9211,3
12625,3
14697,3
15142,3
51,3
2884,3
2921,3
3803,3
4804,3
7035,3
13457,3
13705,3
14187,3
5400,3
7052,3
8530,3
13064,3
13151,3
166,3
1910,3
6211,3
6448,3
6788,3
6925,3
8356,3
11375,3
11670,3
12728,3
15166,3
15396,3
2394,3
2585,3
6214,3
6389,3
6470,3
9559,3
11389,3
13011,3
15375,3
1690,3
3715,3
5523,3
8334,3
8469,3
8549,3
9262,3
10677,3
11288,3
11822,3
13715,3
14566,3
15185,3
2800,3
6856,3
8550,3
9882,3
13709,3
15140,3
635,3
2850,3
3417,3
4206,3
6789,3
6997,3
9979,3
11967,3
12645,3
13189,3
13367,3
13479,3
14509,3
15392,3
4140,3
5407,3
8626,3
12178,3
14503,3
3386,3
6200,3
6374,3
6728,3
9778,3
9880,3
9883,3
10343,3
10400,3
12433,3
12779,3
14227,3
14653,3
15030,3
15373,3
1098,3
5506,3
8366,3
8522,3
11507,3
12689,3
13086,3
14623,3
15381,3
2641,3
7100,3
7125,3
7536,3
12450,3
12710,3
14203,3
14559,3
14663,3
1660,3
4890,3
5305,3
6517,3
6669,3
7932,3
8431,3
9401,3
12790,3
13475,3
13632,3
14604,3
267,3
2671,3
4759,3
6144,3
8379,3
2309,3
3014,3
4959,3
5839,3
9448,3
10787,3
12560,3
14492,3
14581,3
1039,3
1110,3
4579,3
8580,3
10129,3
13971,3
14259,3
261,3
4525,3
4763,3
6225,3
6513,3
6726,3
9172,3
9415,3
12760,3
12783,3
14169,3
4225,3
6034,3
6320,3
7534,3
13059,3
13419,3
3478,3
4103,3
5262,3
11628,3
13222,3
14226,3
14521,3
12714,3
12778,3
13664,3
14441,3
15124,3
15168,3
15306,3
5108,3
8070,3
12774,3
14251,3
15165,3
1543,3
3719,3
5849,3
8913,3
9020,3
9122,3
9375,3
10233,3
11574,3
12133,3
12720,3
14519,3
14633,3
2899,3
4048,3
4216,3
5415,3
8018,3
11318,3
13484,3
13727,3
5893,3
7698,3
8129,3
8459,3
12048,3
12124,3
12470,3
1003,3
5273,3
6644,3
7049,3
8819,3
9580,3
11351,3
11772,3
12156,3
12707,3
12923,3
13697,3
14563,3
14765,3
14784,3
1799,3
4250,3
7263,3
10696,3
11620,3
15310,3
3391,3
4471,3
4704,3
6806,3
10159,3
12684,3
13444,3
14390,3
14459,3
14677,3
1610,3
3530,3
4705,3
4708,3
5224,3
7751,3
8064,3
9534,3
9682,3
11551,3
13252,3
13631,3
14412,3
14590,3
1784,3
4887,3
6290,3
11582,3
13131,3
14446,3
14498,3
14562,3
15181,3
29,3
390,3
2948,3
7419,3
8028,3
9257,3
10603,3
11622,3
12741,3
526,3
3189,3
4878,3
5475,3
9183,3
11167,3
12180,3
12784,3
13831,3
15136,3
653,3
6461,3
7322,3
7405,3
7675,3
7738,3
12739,3
13079,3
13559,3
13865,3
13918,3
1552,3
3878,3
12789,3
1239,3
3775,3
5085,3
8567,3
10974,3
11319,3
12646,3
13463,3
13762,3
13769,3
13787,3
14374,3
15335,3
678,3
1450,3
2615,3
6281,3
7219,3
7936,3
7988,3
14515,3
14544,3
4908,3
5241,3
8734,3
13245,3
14755,3
15036,3
1593,3
3767,3
5567,3
8636,3
3009,3
5384,3
7478,3
7871,3
9892,3
11663,3
11848,3
12017,3
12033,3
13537,3
14549,3
14667,3
2098,3
3684,3
3804,3
5091,3
5202,3
6417,3
6586,3
6761,3
7525,3
9747,3
12699,3
12753,3
12781,3
13033,3
14595,3
630,3
9952,3
11970,3
12099,3
12792,3
13446,3
15182,3
2317,3
3082,3
3781,3
5184,3
5502,3
6183,3
7687,3
8100,3
8487,3
12247,3
13142,3
14599,3
4558,3
6791,3
9339,3
10041,3
10608,3
11220,3
12718,3
13796,3
14612,3
14758,3
15341,3
1577,3
3143,3
3494,3
3915,3
7337,3
13167,3
13692,3
14560,3
5017,3
5248,3
8162,3
8670,3
10126,3
11337,3
13227,3
13593,3
14710,3
4750,3
5889,3
6253,3
11533,3
13410,3
13448,3
13649,3
1623,3
1854,3
3879,3
4298,3
8816,3
9093,3
13490,3
13673,3
15155,3
303,3
426,3
1105,3
7357,3
7622,3
7992,3
8192,3
9284,3
12427,3
12721,3
13309,3
702,3
5135,3
5687,3
8346,3
11087,3
12636,3
12930,3
13002,3
14545,3
14745,3
668,3
1758,3
8493,3
11575,3
12405,3
14664,3
7339,3
7588,3
9658,3
10588,3
11570,3
11842,3
12094,3
14142,3
1880,3
2632,3
3736,3
4328,3
5666,3
6742,3
7277,3
11540,3
12683,3
13495,3
2058,3
8850,3
12647,3
13725,3
14168,3
413,3
8071,3
8853,3
11195,3
11596,3
12658,3
13138,3
13742,3
14200,3
106,3
2917,3
6094,3
6785,3
13538,3
14285,3
14537,3
3630,3
5607,3
6119,3
7063,3
10273,3
10922,3
11731,3
12145,3
12833,3
13353,3
13660,3
7518,3
9708,3
9729,3
10981,3
11786,3
12866,3
13393,3
13519,3
14517,3
14621,3
14698,3
15316,3
1672,3
1680,3
7287,3
9484,3
11768,3
13585,3
15137,3
15271,3
1285,3
4800,3
10707,3
11425,3
11887,3
123,3
342,3
373,3
6192,3
7050,3
7929,3
13699,3
15328,3
4863,3
6174,3
7315,3
9308,3
9485,3
9849,3
11336,3
12091,3
12788,3
13021,3
13197,3
2762,3
3355,3
7256,3
8575,3
9149,3
10695,3
11053,3
11325,3
13491,3
14789,3
15147,3
15272,3
909,3
1141,3
3103,3
3160,3
5168,3
6395,3
7016,3
9803,3
10047,3
10337,3
11097,3
14090,3
201,3
4906,3
6196,3
9104,3
11112,3
11678,3
13005,3
13031,3
13293,3
14481,3
14674,3
3130,3
4532,3
4833,3
6316,3
6330,3
6502,3
9180,3
9261,3
10491,3
10888,3
12924,3
14729,3
15144,3
15148,3
1839,3
2593,3
3984,3
9424,3
10924,3
14401,3
15318,3
357,3
4836,3
6842,3
12183,3
12554,3
12603,3
12932,3
13972,3
15037,3
1885,3
3617,3
4422,3
5493,3
7965,3
11345,3
12503,3
14239,3
14742,3
1193,3
2661,3
8891,3
10598,3
11705,3
14632,3
14721,3
3110,3
6297,3
11789,3
13555,3
13653,3
14622,3
14790,3
30,3
5294,3
5646,3
10305,3
11219,3
12798,3
14773,3
15177,3
4289,3
8812,3
10688,3
11302,3
12223,3
13037,3
13202,3
13754,3
14670,3
15170,3
7137,3
7464,3
8000,3
9694,3
13582,3
4974,3
10278,3
11891,3
13130,3
13269,3
13932,3
535,3
1870,3
4039,3
7893,3
7991,3
8377,3
10636,3
11197,3
12527,3
12855,3
15376,3
964,3
4207,3
4265,3
4596,3
13363,3
14711,3
14766,3
3605,3
5517,3
6373,3
6871,3
13084,3
14294,3
2381,3
6699,3
7224,3
12732,3
12733,3
13539,3
14723,3
1862,3
2815,3
3838,3
12502,3
13243,3
14118,3
4986,3
5622,3
9788,3
10929,3
11899,3
12754,3
13611,3
14229,3
15248,3
2830,3
7255,3
7399,3
7760,3
9437,3
13192,3
14668,3
14732,3
1741,3
3769,3
4549,3
5831,3
6118,3
9250,3
10192,3
14593,3
1713,3
3583,3
5582,3
7927,3
8319,3
8603,3
9208,3
10642,3
11340,3
104,3
8278,3
8439,3
10678,3
14325,3
4214,3
4797,3
6131,3
8096,3
13798,3
14611,3
2733,3
7129,3
9843,3
13679,3
14479,3
617,3
4232,3
6117,3
7385,3
8527,3
11831,3
12795,3
1217,3
1277,3
2086,3
2558,3
3712,3
3778,3
8414,3
10064,3
10941,3
12205,3
12973,3
3406,3
3825,3
4173,3
5581,3
6721,3
7999,3
12285,3
